{
    "aggregate_by": "EXPERIMENT",
    "created_at": "2021-10-12T15:28:37",
    "experiments": {
        "SRP070849": {
            "accession_code": "SRP070849",
            "description": "Genomic studies in acute myeloid leukemias (AML) have identified mutations which drive altered DNA methylation, including TET2 and IDH. Functional studies have shown these mutations contribute to transformation, although how these mutations impact the response to epigenetic therapies is not fully delineated. Here we show AMLs with TET2/IDH2 mutations combined with FLT3ITD mutations are specifically sensitive to 5-Azacytidine or to the IDH2 inhibitor AG-221, respectively. 5-Azacytidine/AG-221 therapies induced a reduction in leukemic blasts and in stem/progenitor expansion, with attenuation of aberrant DNA hypermethylation. These therapeutic benefits were achieved through restoration of differentiation, such that normalized hematopoiesis was derived from mutant cells.  Consistent with these data, at the time of clinical response to 5-Azacytidine or AG-221, most patients had mutant-derived hematopoiesis. By contrast, combined AG-221/5-Azacytidine plus FLT3 inhibition reduced disease burden and reversed epigenetic dysfunction. Our studies suggest combined targeting of signaling and epigenetic pathways can increase therapeutic response in AML. Overall design: We profiled genome-wide transcription patterns of the hematopoietic stem cells (LSK) population in Wild-type, Idh2 R140Q Flt3-ITD, and Tet2-/-;Flt3-IDT mice.  Idh2 R140Q Flt3-ITD mice with AML were treated with either vehicle or AG-221 (the first small molecule in vivo inhibitor of IDH2 to enter clinical trials). Tet2-/-;Flt3-IDT mice with AML were treated with vehicle or 5-Azacytidine (Decitabine, hypomethylating agent).",
            "has_publication": true,
            "organisms": [
                "MUS_MUSCULUS"
            ],
            "protocol_description": "RNA libraries were prepared for sequencing using SMARTer\u00ae Ultra\u00ae Low Input RNA for Illumina\u00ae Sequencing-HV Libraries were prepared by the Weill Cornell Medicine Epigenomics Core per manufacturer's recommendations: https://www.google.com/url?sa=t&rct=j&q=&esrc=s&source=web&cd=2&ved=0ahUKEwjruqSusYzLAhVkg4MKHcaZBTMQFggnMAE&url=http%3A%2F%2Fwww.clontech.com%2Fxxclt_ibcGetAttachment.jsp%3FcItemId%3D82347&usg=AFQjCNELhfN3rd9qBHZ1X-_MQqavkXH2BQ&sig2=SFKu-XNpO4_X8_3UpMbBig",
            "publication_doi": "",
            "publication_title": "Combination Targeted Therapy to Disrupt Aberrant Oncogenic Signaling and Reverse Epigenetic Dysfunction in <i>IDH2</i>- and <i>TET2</i>-Mutant Acute Myeloid Leukemia.",
            "pubmed_id": "28193779",
            "sample_accession_codes": [
                "SRR3189681",
                "SRR3189682",
                "SRR3189686",
                "SRR3189687",
                "SRR3189679",
                "SRR3189680",
                "SRR3189683",
                "SRR3189684",
                "SRR3189685",
                "SRR3189688",
                "SRR3189689",
                "SRR3189690",
                "SRR3189691",
                "SRR3189692",
                "SRR3189693",
                "SRR3189694",
                "SRR3189695",
                "SRR3189696",
                "SRR3189697"
            ],
            "source_first_published": "2017-02-26T00:00:00",
            "source_last_modified": "2017-06-01T00:00:00",
            "submitter_institution": "",
            "technology": "RNA-SEQ",
            "title": "Combination targeted therapy to disrupt aberrant oncogenic signaling and reverse epigenetic dysfunction in IDH2- and TET2-mutant acute myeloid leukemia (RNA-Seq)"
        }
    },
    "ks_pvalue": 1.0,
    "ks_statistic": 0.0005818463925523661,
    "ks_warning": null,
    "num_experiments": 1,
    "num_samples": 19,
    "quant_sf_only": false,
    "quantile_normalized": true,
    "samples": {
        "SRR3189679": {
            "refinebio_accession_code": "SRR3189679",
            "refinebio_age": "",
            "refinebio_annotations": [],
            "refinebio_cell_line": "",
            "refinebio_compound": "",
            "refinebio_disease": "",
            "refinebio_disease_stage": "",
            "refinebio_genetic_information": "",
            "refinebio_organism": "MUS_MUSCULUS",
            "refinebio_platform": "Illumina HiSeq 2000 (IlluminaHiSeq2000)",
            "refinebio_processed": true,
            "refinebio_processor_id": 375,
            "refinebio_processor_name": "Tximport",
            "refinebio_processor_version": "v1.25.6-hotfix",
            "refinebio_race": "",
            "refinebio_sex": "",
            "refinebio_source_archive_url": "",
            "refinebio_source_database": "SRA",
            "refinebio_specimen_part": "lin-sca+ckit+",
            "refinebio_subject": "hematopoietic stem cells",
            "refinebio_time": "",
            "refinebio_title": "WT-1 RNA-Seq",
            "refinebio_treatment": "none"
        },
        "SRR3189680": {
            "refinebio_accession_code": "SRR3189680",
            "refinebio_age": "",
            "refinebio_annotations": [],
            "refinebio_cell_line": "",
            "refinebio_compound": "",
            "refinebio_disease": "",
            "refinebio_disease_stage": "",
            "refinebio_genetic_information": "",
            "refinebio_organism": "MUS_MUSCULUS",
            "refinebio_platform": "Illumina HiSeq 2000 (IlluminaHiSeq2000)",
            "refinebio_processed": true,
            "refinebio_processor_id": 375,
            "refinebio_processor_name": "Tximport",
            "refinebio_processor_version": "v1.25.6-hotfix",
            "refinebio_race": "",
            "refinebio_sex": "",
            "refinebio_source_archive_url": "",
            "refinebio_source_database": "SRA",
            "refinebio_specimen_part": "lin-sca+ckit+",
            "refinebio_subject": "hematopoietic stem cells",
            "refinebio_time": "",
            "refinebio_title": "WT-2 RNA-Seq",
            "refinebio_treatment": "none"
        },
        "SRR3189681": {
            "refinebio_accession_code": "SRR3189681",
            "refinebio_age": "",
            "refinebio_annotations": [],
            "refinebio_cell_line": "",
            "refinebio_compound": "",
            "refinebio_disease": "",
            "refinebio_disease_stage": "",
            "refinebio_genetic_information": "",
            "refinebio_organism": "MUS_MUSCULUS",
            "refinebio_platform": "Illumina HiSeq 2000 (IlluminaHiSeq2000)",
            "refinebio_processed": true,
            "refinebio_processor_id": 375,
            "refinebio_processor_name": "Tximport",
            "refinebio_processor_version": "v1.25.6-hotfix",
            "refinebio_race": "",
            "refinebio_sex": "",
            "refinebio_source_archive_url": "",
            "refinebio_source_database": "SRA",
            "refinebio_specimen_part": "lin-sca+ckit+",
            "refinebio_subject": "hematopoietic stem cells",
            "refinebio_time": "",
            "refinebio_title": "WT-3 RNA-Seq",
            "refinebio_treatment": "none"
        },
        "SRR3189682": {
            "refinebio_accession_code": "SRR3189682",
            "refinebio_age": "",
            "refinebio_annotations": [],
            "refinebio_cell_line": "",
            "refinebio_compound": "",
            "refinebio_disease": "",
            "refinebio_disease_stage": "",
            "refinebio_genetic_information": "",
            "refinebio_organism": "MUS_MUSCULUS",
            "refinebio_platform": "Illumina HiSeq 2000 (IlluminaHiSeq2000)",
            "refinebio_processed": true,
            "refinebio_processor_id": 375,
            "refinebio_processor_name": "Tximport",
            "refinebio_processor_version": "v1.25.6-hotfix",
            "refinebio_race": "",
            "refinebio_sex": "",
            "refinebio_source_archive_url": "",
            "refinebio_source_database": "SRA",
            "refinebio_specimen_part": "lin-sca+ckit+",
            "refinebio_subject": "hematopoietic stem cells",
            "refinebio_time": "",
            "refinebio_title": "WT-4 RNA-Seq",
            "refinebio_treatment": "none"
        },
        "SRR3189683": {
            "refinebio_accession_code": "SRR3189683",
            "refinebio_age": "",
            "refinebio_annotations": [],
            "refinebio_cell_line": "",
            "refinebio_compound": "",
            "refinebio_disease": "",
            "refinebio_disease_stage": "",
            "refinebio_genetic_information": "",
            "refinebio_organism": "MUS_MUSCULUS",
            "refinebio_platform": "Illumina HiSeq 2000 (IlluminaHiSeq2000)",
            "refinebio_processed": true,
            "refinebio_processor_id": 375,
            "refinebio_processor_name": "Tximport",
            "refinebio_processor_version": "v1.25.6-hotfix",
            "refinebio_race": "",
            "refinebio_sex": "",
            "refinebio_source_archive_url": "",
            "refinebio_source_database": "SRA",
            "refinebio_specimen_part": "lin-sca+ckit+",
            "refinebio_subject": "hematopoietic stem cells",
            "refinebio_time": "",
            "refinebio_title": "IDH2.FLT3_veh_1 RNA-Seq",
            "refinebio_treatment": "vehicle"
        },
        "SRR3189684": {
            "refinebio_accession_code": "SRR3189684",
            "refinebio_age": "",
            "refinebio_annotations": [],
            "refinebio_cell_line": "",
            "refinebio_compound": "",
            "refinebio_disease": "",
            "refinebio_disease_stage": "",
            "refinebio_genetic_information": "",
            "refinebio_organism": "MUS_MUSCULUS",
            "refinebio_platform": "Illumina HiSeq 2000 (IlluminaHiSeq2000)",
            "refinebio_processed": true,
            "refinebio_processor_id": 375,
            "refinebio_processor_name": "Tximport",
            "refinebio_processor_version": "v1.25.6-hotfix",
            "refinebio_race": "",
            "refinebio_sex": "",
            "refinebio_source_archive_url": "",
            "refinebio_source_database": "SRA",
            "refinebio_specimen_part": "lin-sca+ckit+",
            "refinebio_subject": "hematopoietic stem cells",
            "refinebio_time": "",
            "refinebio_title": "IDH2.FLT3_veh_2 RNA-Seq",
            "refinebio_treatment": "vehicle"
        },
        "SRR3189685": {
            "refinebio_accession_code": "SRR3189685",
            "refinebio_age": "",
            "refinebio_annotations": [],
            "refinebio_cell_line": "",
            "refinebio_compound": "",
            "refinebio_disease": "",
            "refinebio_disease_stage": "",
            "refinebio_genetic_information": "",
            "refinebio_organism": "MUS_MUSCULUS",
            "refinebio_platform": "Illumina HiSeq 2000 (IlluminaHiSeq2000)",
            "refinebio_processed": true,
            "refinebio_processor_id": 375,
            "refinebio_processor_name": "Tximport",
            "refinebio_processor_version": "v1.25.6-hotfix",
            "refinebio_race": "",
            "refinebio_sex": "",
            "refinebio_source_archive_url": "",
            "refinebio_source_database": "SRA",
            "refinebio_specimen_part": "lin-sca+ckit+",
            "refinebio_subject": "hematopoietic stem cells",
            "refinebio_time": "",
            "refinebio_title": "IDH2.FLT3_veh_3 RNA-Seq",
            "refinebio_treatment": "vehicle"
        },
        "SRR3189686": {
            "refinebio_accession_code": "SRR3189686",
            "refinebio_age": "",
            "refinebio_annotations": [],
            "refinebio_cell_line": "",
            "refinebio_compound": "",
            "refinebio_disease": "",
            "refinebio_disease_stage": "",
            "refinebio_genetic_information": "",
            "refinebio_organism": "MUS_MUSCULUS",
            "refinebio_platform": "Illumina HiSeq 2000 (IlluminaHiSeq2000)",
            "refinebio_processed": true,
            "refinebio_processor_id": 375,
            "refinebio_processor_name": "Tximport",
            "refinebio_processor_version": "v1.25.6-hotfix",
            "refinebio_race": "",
            "refinebio_sex": "",
            "refinebio_source_archive_url": "",
            "refinebio_source_database": "SRA",
            "refinebio_specimen_part": "lin-sca+ckit+",
            "refinebio_subject": "hematopoietic stem cells",
            "refinebio_time": "",
            "refinebio_title": "IDH2.FLT3_ag221_1 RNA-Seq",
            "refinebio_treatment": "ag-221"
        },
        "SRR3189687": {
            "refinebio_accession_code": "SRR3189687",
            "refinebio_age": "",
            "refinebio_annotations": [],
            "refinebio_cell_line": "",
            "refinebio_compound": "",
            "refinebio_disease": "",
            "refinebio_disease_stage": "",
            "refinebio_genetic_information": "",
            "refinebio_organism": "MUS_MUSCULUS",
            "refinebio_platform": "Illumina HiSeq 2000 (IlluminaHiSeq2000)",
            "refinebio_processed": true,
            "refinebio_processor_id": 375,
            "refinebio_processor_name": "Tximport",
            "refinebio_processor_version": "v1.25.6-hotfix",
            "refinebio_race": "",
            "refinebio_sex": "",
            "refinebio_source_archive_url": "",
            "refinebio_source_database": "SRA",
            "refinebio_specimen_part": "lin-sca+ckit+",
            "refinebio_subject": "hematopoietic stem cells",
            "refinebio_time": "",
            "refinebio_title": "IDH2.FLT3_ag221_2 RNA-Seq",
            "refinebio_treatment": "ag-221"
        },
        "SRR3189688": {
            "refinebio_accession_code": "SRR3189688",
            "refinebio_age": "",
            "refinebio_annotations": [],
            "refinebio_cell_line": "",
            "refinebio_compound": "",
            "refinebio_disease": "",
            "refinebio_disease_stage": "",
            "refinebio_genetic_information": "",
            "refinebio_organism": "MUS_MUSCULUS",
            "refinebio_platform": "Illumina HiSeq 2000 (IlluminaHiSeq2000)",
            "refinebio_processed": true,
            "refinebio_processor_id": 375,
            "refinebio_processor_name": "Tximport",
            "refinebio_processor_version": "v1.25.6-hotfix",
            "refinebio_race": "",
            "refinebio_sex": "",
            "refinebio_source_archive_url": "",
            "refinebio_source_database": "SRA",
            "refinebio_specimen_part": "lin-sca+ckit+",
            "refinebio_subject": "hematopoietic stem cells",
            "refinebio_time": "",
            "refinebio_title": "IDH2.FLT3_ag221_3 RNA-Seq",
            "refinebio_treatment": "ag-221"
        },
        "SRR3189689": {
            "refinebio_accession_code": "SRR3189689",
            "refinebio_age": "",
            "refinebio_annotations": [],
            "refinebio_cell_line": "",
            "refinebio_compound": "",
            "refinebio_disease": "",
            "refinebio_disease_stage": "",
            "refinebio_genetic_information": "",
            "refinebio_organism": "MUS_MUSCULUS",
            "refinebio_platform": "Illumina HiSeq 2000 (IlluminaHiSeq2000)",
            "refinebio_processed": true,
            "refinebio_processor_id": 375,
            "refinebio_processor_name": "Tximport",
            "refinebio_processor_version": "v1.25.6-hotfix",
            "refinebio_race": "",
            "refinebio_sex": "",
            "refinebio_source_archive_url": "",
            "refinebio_source_database": "SRA",
            "refinebio_specimen_part": "lin-sca+ckit+",
            "refinebio_subject": "hematopoietic stem cells",
            "refinebio_time": "",
            "refinebio_title": "IDH2.FLT3_ag221_4 RNA-Seq",
            "refinebio_treatment": "ag-221"
        },
        "SRR3189690": {
            "refinebio_accession_code": "SRR3189690",
            "refinebio_age": "",
            "refinebio_annotations": [],
            "refinebio_cell_line": "",
            "refinebio_compound": "",
            "refinebio_disease": "",
            "refinebio_disease_stage": "",
            "refinebio_genetic_information": "",
            "refinebio_organism": "MUS_MUSCULUS",
            "refinebio_platform": "Illumina HiSeq 2000 (IlluminaHiSeq2000)",
            "refinebio_processed": true,
            "refinebio_processor_id": 375,
            "refinebio_processor_name": "Tximport",
            "refinebio_processor_version": "v1.25.6-hotfix",
            "refinebio_race": "",
            "refinebio_sex": "",
            "refinebio_source_archive_url": "",
            "refinebio_source_database": "SRA",
            "refinebio_specimen_part": "lin-sca+ckit+",
            "refinebio_subject": "hematopoietic stem cells",
            "refinebio_time": "",
            "refinebio_title": "TET2.FLT3_veh_1 RNA-Seq",
            "refinebio_treatment": "vehicle"
        },
        "SRR3189691": {
            "refinebio_accession_code": "SRR3189691",
            "refinebio_age": "",
            "refinebio_annotations": [],
            "refinebio_cell_line": "",
            "refinebio_compound": "",
            "refinebio_disease": "",
            "refinebio_disease_stage": "",
            "refinebio_genetic_information": "",
            "refinebio_organism": "MUS_MUSCULUS",
            "refinebio_platform": "Illumina HiSeq 2000 (IlluminaHiSeq2000)",
            "refinebio_processed": true,
            "refinebio_processor_id": 375,
            "refinebio_processor_name": "Tximport",
            "refinebio_processor_version": "v1.25.6-hotfix",
            "refinebio_race": "",
            "refinebio_sex": "",
            "refinebio_source_archive_url": "",
            "refinebio_source_database": "SRA",
            "refinebio_specimen_part": "lin-sca+ckit+",
            "refinebio_subject": "hematopoietic stem cells",
            "refinebio_time": "",
            "refinebio_title": "TET2.FLT3_veh_2 RNA-Seq",
            "refinebio_treatment": "vehicle"
        },
        "SRR3189692": {
            "refinebio_accession_code": "SRR3189692",
            "refinebio_age": "",
            "refinebio_annotations": [],
            "refinebio_cell_line": "",
            "refinebio_compound": "",
            "refinebio_disease": "",
            "refinebio_disease_stage": "",
            "refinebio_genetic_information": "",
            "refinebio_organism": "MUS_MUSCULUS",
            "refinebio_platform": "Illumina HiSeq 2000 (IlluminaHiSeq2000)",
            "refinebio_processed": true,
            "refinebio_processor_id": 375,
            "refinebio_processor_name": "Tximport",
            "refinebio_processor_version": "v1.25.6-hotfix",
            "refinebio_race": "",
            "refinebio_sex": "",
            "refinebio_source_archive_url": "",
            "refinebio_source_database": "SRA",
            "refinebio_specimen_part": "lin-sca+ckit+",
            "refinebio_subject": "hematopoietic stem cells",
            "refinebio_time": "",
            "refinebio_title": "TET2.FLT3_veh_3 RNA-Seq",
            "refinebio_treatment": "vehicle"
        },
        "SRR3189693": {
            "refinebio_accession_code": "SRR3189693",
            "refinebio_age": "",
            "refinebio_annotations": [],
            "refinebio_cell_line": "",
            "refinebio_compound": "",
            "refinebio_disease": "",
            "refinebio_disease_stage": "",
            "refinebio_genetic_information": "",
            "refinebio_organism": "MUS_MUSCULUS",
            "refinebio_platform": "Illumina HiSeq 2000 (IlluminaHiSeq2000)",
            "refinebio_processed": true,
            "refinebio_processor_id": 375,
            "refinebio_processor_name": "Tximport",
            "refinebio_processor_version": "v1.25.6-hotfix",
            "refinebio_race": "",
            "refinebio_sex": "",
            "refinebio_source_archive_url": "",
            "refinebio_source_database": "SRA",
            "refinebio_specimen_part": "lin-sca+ckit+",
            "refinebio_subject": "hematopoietic stem cells",
            "refinebio_time": "",
            "refinebio_title": "TET2.FLT3_veh_4 RNA-Seq",
            "refinebio_treatment": "vehicle"
        },
        "SRR3189694": {
            "refinebio_accession_code": "SRR3189694",
            "refinebio_age": "",
            "refinebio_annotations": [],
            "refinebio_cell_line": "",
            "refinebio_compound": "",
            "refinebio_disease": "",
            "refinebio_disease_stage": "",
            "refinebio_genetic_information": "",
            "refinebio_organism": "MUS_MUSCULUS",
            "refinebio_platform": "Illumina HiSeq 2000 (IlluminaHiSeq2000)",
            "refinebio_processed": true,
            "refinebio_processor_id": 375,
            "refinebio_processor_name": "Tximport",
            "refinebio_processor_version": "v1.25.6-hotfix",
            "refinebio_race": "",
            "refinebio_sex": "",
            "refinebio_source_archive_url": "",
            "refinebio_source_database": "SRA",
            "refinebio_specimen_part": "lin-sca+ckit+",
            "refinebio_subject": "hematopoietic stem cells",
            "refinebio_time": "",
            "refinebio_title": "TET2.FLT3_azaC_1 RNA-Seq",
            "refinebio_treatment": "5-aza"
        },
        "SRR3189695": {
            "refinebio_accession_code": "SRR3189695",
            "refinebio_age": "",
            "refinebio_annotations": [],
            "refinebio_cell_line": "",
            "refinebio_compound": "",
            "refinebio_disease": "",
            "refinebio_disease_stage": "",
            "refinebio_genetic_information": "",
            "refinebio_organism": "MUS_MUSCULUS",
            "refinebio_platform": "Illumina HiSeq 2000 (IlluminaHiSeq2000)",
            "refinebio_processed": true,
            "refinebio_processor_id": 375,
            "refinebio_processor_name": "Tximport",
            "refinebio_processor_version": "v1.25.6-hotfix",
            "refinebio_race": "",
            "refinebio_sex": "",
            "refinebio_source_archive_url": "",
            "refinebio_source_database": "SRA",
            "refinebio_specimen_part": "lin-sca+ckit+",
            "refinebio_subject": "hematopoietic stem cells",
            "refinebio_time": "",
            "refinebio_title": "TET2.FLT3_azaC_2 RNA-Seq",
            "refinebio_treatment": "5-aza"
        },
        "SRR3189696": {
            "refinebio_accession_code": "SRR3189696",
            "refinebio_age": "",
            "refinebio_annotations": [],
            "refinebio_cell_line": "",
            "refinebio_compound": "",
            "refinebio_disease": "",
            "refinebio_disease_stage": "",
            "refinebio_genetic_information": "",
            "refinebio_organism": "MUS_MUSCULUS",
            "refinebio_platform": "Illumina HiSeq 2000 (IlluminaHiSeq2000)",
            "refinebio_processed": true,
            "refinebio_processor_id": 375,
            "refinebio_processor_name": "Tximport",
            "refinebio_processor_version": "v1.25.6-hotfix",
            "refinebio_race": "",
            "refinebio_sex": "",
            "refinebio_source_archive_url": "",
            "refinebio_source_database": "SRA",
            "refinebio_specimen_part": "lin-sca+ckit+",
            "refinebio_subject": "hematopoietic stem cells",
            "refinebio_time": "",
            "refinebio_title": "TET2.FLT3_azaC_3 RNA-Seq",
            "refinebio_treatment": "5-aza"
        },
        "SRR3189697": {
            "refinebio_accession_code": "SRR3189697",
            "refinebio_age": "",
            "refinebio_annotations": [],
            "refinebio_cell_line": "",
            "refinebio_compound": "",
            "refinebio_disease": "",
            "refinebio_disease_stage": "",
            "refinebio_genetic_information": "",
            "refinebio_organism": "MUS_MUSCULUS",
            "refinebio_platform": "Illumina HiSeq 2000 (IlluminaHiSeq2000)",
            "refinebio_processed": true,
            "refinebio_processor_id": 375,
            "refinebio_processor_name": "Tximport",
            "refinebio_processor_version": "v1.25.6-hotfix",
            "refinebio_race": "",
            "refinebio_sex": "",
            "refinebio_source_archive_url": "",
            "refinebio_source_database": "SRA",
            "refinebio_specimen_part": "lin-sca+ckit+",
            "refinebio_subject": "hematopoietic stem cells",
            "refinebio_time": "",
            "refinebio_title": "TET2.FLT3_azaC_4 RNA-Seq",
            "refinebio_treatment": "5-aza"
        }
    },
    "scale_by": "NONE"
}